Title,Tags,Description
12,2018,30
advice,advice,adventure
best,best,advice
doing,chris,amzn
future,interview,books
jordan,jordan,chriswillx
life,life,contact
matter,modern,content
meaning,motivation,discount
monster,motivational,don
motivation,peterson,educational
motivational,podcast,free
negative,powerful,going
peterson,productive,idea
reminder,rules,instagram
rules,self,jordan
screwed,speech,jordanbpeterson
speeches,success,jordanpetersonvideos
treat,williamson,just
worth,wisdom,know
,,life
,,like
,,modernwisdom
,,motivational
,,mulliganbrothers
,,order
,,owner
,,patreon
,,people
,,peterson
,,purpose
,,really
,,rules
,,say
,,share
,,speaker
,,tell
,,thing
,,things
,,think
,,try
,,twitter
,,use
,,used
,,user
,,ve
,,videos
,,want
,,way
,,wordtothewise
